{
  "helo": {
    "brightness": 0.24463519313304727,
    "contrast": 1.0,
    "saturation": 1.0,
    "gamma": 1.0,
    "hue": 0.0,
    "vibrance": 0.8412017167381974
  },
  "sangchoa": {
    "brightness": 1.0,
    "contrast": 1.0,
    "saturation": 1.0,
    "gamma": 1.0,
    "hue": 0.0,
    "vibrance": 0.8412017167381974
  }
}